{"data_time": 0.003833414000837365, "eta_seconds": 291.5766983755839, "fast_rcnn/cls_accuracy": 0.7421875, "fast_rcnn/false_negative": 0.984375, "fast_rcnn/fg_cls_accuracy": 0.0078125, "iteration": 19, "loss_box_reg": 0.9210323989391327, "loss_cls": 1.02214777469635, "loss_mask": 0.6312588751316071, "loss_rpn_cls": 0.018366637639701366, "loss_rpn_loc": 0.020769265480339527, "lr": 0.00039962, "mask_rcnn/accuracy": 0.9450932716836735, "mask_rcnn/false_negative": 0.011484040418778665, "mask_rcnn/false_positive": 0.128765916945361, "roi_head/num_bg_samples": 96.0, "roi_head/num_fg_samples": 32.0, "rpn/num_neg_anchors": 217.25, "rpn/num_pos_anchors": 38.75, "time": 1.0376394959985191, "total_loss": 2.587993814609945}
{"data_time": 0.004669810999985202, "eta_seconds": 281.05383686452296, "fast_rcnn/cls_accuracy": 0.76953125, "fast_rcnn/false_negative": 0.921875, "fast_rcnn/fg_cls_accuracy": 0.078125, "iteration": 39, "loss_box_reg": 0.8318833708763123, "loss_cls": 0.4770873486995697, "loss_mask": 0.22941280901432037, "loss_rpn_cls": 0.007437824970111251, "loss_rpn_loc": 0.019351812079548836, "lr": 0.0007992199999999999, "mask_rcnn/accuracy": 0.957957987882653, "mask_rcnn/false_negative": 0.007612900081012468, "mask_rcnn/false_positive": 0.0954209966501041, "roi_head/num_bg_samples": 96.0, "roi_head/num_fg_samples": 32.0, "rpn/num_neg_anchors": 219.75, "rpn/num_pos_anchors": 36.25, "time": 1.114991653999823, "total_loss": 1.5738609295804054}
{"data_time": 0.00415322200024093, "eta_seconds": 261.94048783103244, "fast_rcnn/cls_accuracy": 0.923828125, "fast_rcnn/false_negative": 0.203125, "fast_rcnn/fg_cls_accuracy": 0.7109375, "iteration": 59, "loss_box_reg": 0.43929624557495117, "loss_cls": 0.2397993728518486, "loss_mask": 0.08866505324840546, "loss_rpn_cls": 0.0008481329132337123, "loss_rpn_loc": 0.018907304853200912, "lr": 0.00119882, "mask_rcnn/accuracy": 0.9673050860969388, "mask_rcnn/false_negative": 0.018461659005751828, "mask_rcnn/false_positive": 0.05370824917147056, "roi_head/num_bg_samples": 96.0, "roi_head/num_fg_samples": 32.0, "rpn/num_neg_anchors": 219.75, "rpn/num_pos_anchors": 36.25, "time": 1.1410095719984383, "total_loss": 0.7847940845967969}
{"data_time": 0.003925623001123313, "eta_seconds": 245.47003482955188, "fast_rcnn/cls_accuracy": 0.96484375, "fast_rcnn/false_negative": 0.0546875, "fast_rcnn/fg_cls_accuracy": 0.9296875, "iteration": 79, "loss_box_reg": 0.24973858147859573, "loss_cls": 0.10722968727350235, "loss_mask": 0.07541496679186821, "loss_rpn_cls": 0.001211030874401331, "loss_rpn_loc": 0.019701000303030014, "lr": 0.0015984200000000001, "mask_rcnn/accuracy": 0.9685507015306123, "mask_rcnn/false_negative": 0.027665049965376935, "mask_rcnn/false_positive": 0.03510160915829214, "roi_head/num_bg_samples": 96.0, "roi_head/num_fg_samples": 32.0, "rpn/num_neg_anchors": 220.25, "rpn/num_pos_anchors": 35.75, "time": 1.194235368500813, "total_loss": 0.46748683432088}
{"data_time": 0.00415090299975418, "eta_seconds": 223.3001545424122, "fast_rcnn/cls_accuracy": 0.974609375, "fast_rcnn/false_negative": 0.046875, "fast_rcnn/fg_cls_accuracy": 0.953125, "iteration": 99, "loss_box_reg": 0.18856454640626907, "loss_cls": 0.07796236872673035, "loss_mask": 0.06650714203715324, "loss_rpn_cls": 0.0005941666022408754, "loss_rpn_loc": 0.016344387084245682, "lr": 0.00199802, "mask_rcnn/accuracy": 0.9719686702806123, "mask_rcnn/false_negative": 0.020592563633898015, "mask_rcnn/false_positive": 0.0387896368643563, "roi_head/num_bg_samples": 96.0, "roi_head/num_fg_samples": 32.0, "rpn/num_neg_anchors": 220.0, "rpn/num_pos_anchors": 36.0, "time": 1.1137337465006567, "total_loss": 0.35973769202973926}
{"data_time": 0.004407855501995073, "eta_seconds": 201.91642371234775, "fast_rcnn/cls_accuracy": 0.970703125, "fast_rcnn/false_negative": 0.0390625, "fast_rcnn/fg_cls_accuracy": 0.9609375, "iteration": 119, "loss_box_reg": 0.16277042031288147, "loss_cls": 0.06857748329639435, "loss_mask": 0.06532127782702446, "loss_rpn_cls": 0.00039624638156965375, "loss_rpn_loc": 0.018600214272737503, "lr": 0.00239762, "mask_rcnn/accuracy": 0.9723274075255102, "mask_rcnn/false_negative": 0.024392074665185275, "mask_rcnn/false_positive": 0.033802932669832336, "roi_head/num_bg_samples": 96.0, "roi_head/num_fg_samples": 32.0, "rpn/num_neg_anchors": 218.0, "rpn/num_pos_anchors": 38.0, "time": 1.1470300769997266, "total_loss": 0.3196221400430659}
{"data_time": 0.0045878375003667315, "eta_seconds": 180.17634541574625, "fast_rcnn/cls_accuracy": 0.97265625, "fast_rcnn/false_negative": 0.046875, "fast_rcnn/fg_cls_accuracy": 0.953125, "iteration": 139, "loss_box_reg": 0.16916586458683014, "loss_cls": 0.07578596472740173, "loss_mask": 0.06102455593645573, "loss_rpn_cls": 0.0009274425392504781, "loss_rpn_loc": 0.01888846419751644, "lr": 0.0027972200000000004, "mask_rcnn/accuracy": 0.9750179368622449, "mask_rcnn/false_negative": 0.0193402395720948, "mask_rcnn/false_positive": 0.03508876722922118, "roi_head/num_bg_samples": 96.0, "roi_head/num_fg_samples": 32.0, "rpn/num_neg_anchors": 219.25, "rpn/num_pos_anchors": 36.75, "time": 1.1279426225009956, "total_loss": 0.32903963248827495}
{"data_time": 0.004684163999627344, "eta_seconds": 157.79419070571566, "fast_rcnn/cls_accuracy": 0.978515625, "fast_rcnn/false_negative": 0.03125, "fast_rcnn/fg_cls_accuracy": 0.96875, "iteration": 159, "loss_box_reg": 0.17916043102741241, "loss_cls": 0.06522954814136028, "loss_mask": 0.06273065134882927, "loss_rpn_cls": 0.0008720717742107809, "loss_rpn_loc": 0.019244832918047905, "lr": 0.0031968200000000004, "mask_rcnn/accuracy": 0.973991549744898, "mask_rcnn/false_negative": 0.021607013771878014, "mask_rcnn/false_positive": 0.03488569740504734, "roi_head/num_bg_samples": 96.0, "roi_head/num_fg_samples": 32.0, "rpn/num_neg_anchors": 218.0, "rpn/num_pos_anchors": 38.0, "time": 1.1072916555003758, "total_loss": 0.34042070899158716}
{"data_time": 0.00421630049822852, "eta_seconds": 135.41203599568507, "fast_rcnn/cls_accuracy": 0.9765625, "fast_rcnn/false_negative": 0.0390625, "fast_rcnn/fg_cls_accuracy": 0.9609375, "iteration": 179, "loss_box_reg": 0.18793491274118423, "loss_cls": 0.06481241062283516, "loss_mask": 0.06386153399944305, "loss_rpn_cls": 0.0006688446446787566, "loss_rpn_loc": 0.020644611679017544, "lr": 0.0035964199999999995, "mask_rcnn/accuracy": 0.9728555484693877, "mask_rcnn/false_negative": 0.022769003933246323, "mask_rcnn/false_positive": 0.03581405307638496, "roi_head/num_bg_samples": 96.0, "roi_head/num_fg_samples": 32.0, "rpn/num_neg_anchors": 218.0, "rpn/num_pos_anchors": 38.0, "time": 1.1274933150016295, "total_loss": 0.33717334835091606}
{"data_time": 0.00422827900001721, "eta_seconds": 113.92527794905072, "fast_rcnn/cls_accuracy": 0.9765625, "fast_rcnn/false_negative": 0.0390625, "fast_rcnn/fg_cls_accuracy": 0.9609375, "iteration": 199, "loss_box_reg": 0.1645282357931137, "loss_cls": 0.061996933072805405, "loss_mask": 0.06230634078383446, "loss_rpn_cls": 0.000771355873439461, "loss_rpn_loc": 0.018795565702021122, "lr": 0.00399602, "mask_rcnn/accuracy": 0.9733238998724489, "mask_rcnn/false_negative": 0.019462609772568494, "mask_rcnn/false_positive": 0.035476480186217324, "roi_head/num_bg_samples": 96.0, "roi_head/num_fg_samples": 32.0, "rpn/num_neg_anchors": 222.25, "rpn/num_pos_anchors": 33.75, "time": 1.1514443820015003, "total_loss": 0.31944989529438317}
{"data_time": 0.004295827498935978, "eta_seconds": 91.92715312508699, "fast_rcnn/cls_accuracy": 0.98046875, "fast_rcnn/false_negative": 0.03125, "fast_rcnn/fg_cls_accuracy": 0.96875, "iteration": 219, "loss_box_reg": 0.16381758451461792, "loss_cls": 0.06057753413915634, "loss_mask": 0.06304635852575302, "loss_rpn_cls": 0.0010567954159341753, "loss_rpn_loc": 0.01628334866836667, "lr": 0.00439562, "mask_rcnn/accuracy": 0.9732641103316326, "mask_rcnn/false_negative": 0.020396506971196816, "mask_rcnn/false_positive": 0.03493268443671299, "roi_head/num_bg_samples": 96.0, "roi_head/num_fg_samples": 32.0, "rpn/num_neg_anchors": 215.25,